Workbook

Sheet Invoice
A1: SHANGHAI PUCCI TEXTILE CO., LTD
A2: Unit 103, Block 1, No. 218 Huting North Road, Songjiang District, Shanghai,China | I2: PO # | J2: 04758
A3: ATTN:SHERRY TEL:18616981368 | I3: Invoice # | J3: PT04758D
I4: Date | J4: 46188
A6: Manufacturer Name:SHANGHAI PUCCI TEXTILE CO., LTD | I6: Shipping Mode | J6: Air
A7: Manufacturer address;Unit 103, Block 1, No. 218 Huting North Road, | I7: Shipment #
A8: Songjiang District, Shanghai,China | I8: ETA Date
A9: ATTN:SHERRY TEL:18616981368 | I9: Port of Loading | J9: Shanghai,China
I10: Port of Discharge | J10: Vancouver,Canada
I11: Remarks
A12: Commercial invoice | I12: Country of Origin | J12: China
A14: Consignee | D14: Notify Party
A15: NRI CA Warehouse | D15: Tentree International
A16: 8205 Dallas Dr., Kamloops | D16: 230-1275 Venables St.
A17: British Columbia Canada | D17: Vancouver, BC V6A 2E4
D18: 604-829-2706
A21: PO# | B21: SKU | C21: UPC | D21: Knit/Woven | E21: Style Description | F21: Color Description | G21: Category | H21: Gender | I21: Composition | J21: HTS Code | K21: Quantity | L21: Unit Price USD | M21: Total USD
A22: PO04758 | B22: TCM6140-6412-L | C22: 661814900094 | D22: Knit | E22: M Howson Hoodie | F22: Dark Forest Green/Pine Green | G22: Hoodie | H22: Mens | I22: 55% Organic Cotton, 26% Recycled Polyester, 19% TENCEL™ Lyocell | J22: 6109.10.00.10 | K22: 10 | L22: 16.94 | M22: =K22*L22 -> 169.4
A23: PO04758 | B23: TCM6140-6412-M | C23: 661814899183 | D23: Knit | E23: M Howson Hoodie | F23: Dark Forest Green/Pine Green | G23: Hoodie | H23: Mens | I23: 55% Organic Cotton, 26% Recycled Polyester, 19% TENCEL™ Lyocell | J23: 6109.10.00.10 | K23: 10 | L23: 16.94 | M23: =K23*L23 -> 169.4
A24: PO04758 | B24: TCM6140-6412-S | C24: 661814899169 | D24: Knit | E24: M Howson Hoodie | F24: Dark Forest Green/Pine Green | G24: Hoodie | H24: Mens | I24: 55% Organic Cotton, 26% Recycled Polyester, 19% TENCEL™ Lyocell | J24: 6109.10.00.10 | K24: 5 | L24: 16.94 | M24: =K24*L24 -> 84.7
A25: PO04758 | B25: TCM6140-6412-XL | C25: 661814899145 | D25: Knit | E25: M Howson Hoodie | F25: Dark Forest Green/Pine Green | G25: Hoodie | H25: Mens | I25: 55% Organic Cotton, 26% Recycled Polyester, 19% TENCEL™ Lyocell | J25: 6109.10.00.10 | K25: 10 | L25: 16.94 | M25: =K25*L25 -> 169.4
A26: PO04758 | B26: TCM6140-6412-XXL | C26: 661814899121 | D26: Knit | E26: M Howson Hoodie | F26: Dark Forest Green/Pine Green | G26: Hoodie | H26: Mens | I26: 55% Organic Cotton, 26% Recycled Polyester, 19% TENCEL™ Lyocell | J26: 6109.10.00.10 | K26: 5 | L26: 16.94 | M26: =K26*L26 -> 84.7
A27: PO04758 | B27: TCM6140-5758-L | C27: 661814899268 | D27: Knit | E27: M Howson Hoodie | F27: Harbour Grey Heather/Midnight Blue | G27: Hoodie | H27: Mens | I27: 55% Organic Cotton, 26% Recycled Polyester, 19% TENCEL™ Lyocell | J27: 6109.10.00.10 | K27: 2 | L27: 16.45 | M27: =K27*L27 -> 32.9
A28: PO04758 | B28: TCM6140-5758-M | C28: 661814899244 | D28: Knit | E28: M Howson Hoodie | F28: Harbour Grey Heather/Midnight Blue | G28: Hoodie | H28: Mens | I28: 55% Organic Cotton, 26% Recycled Polyester, 19% TENCEL™ Lyocell | J28: 6109.10.00.10 | K28: 1 | L28: 16.45 | M28: =K28*L28 -> 16.45
A29: PO04758 | B29: TCM6140-5758-S | C29: 661814899220 | D29: Knit | E29: M Howson Hoodie | F29: Harbour Grey Heather/Midnight Blue | G29: Hoodie | H29: Mens | I29: 55% Organic Cotton, 26% Recycled Polyester, 19% TENCEL™ Lyocell | J29: 6109.10.00.10 | K29: 1 | L29: 16.45 | M29: =K29*L29 -> 16.45
A30: PO04758 | B30: TCM6140-5758-XL | C30: 661814899206 | D30: Knit | E30: M Howson Hoodie | F30: Harbour Grey Heather/Midnight Blue | G30: Hoodie | H30: Mens | I30: 55% Organic Cotton, 26% Recycled Polyester, 19% TENCEL™ Lyocell | J30: 6109.10.00.10 | K30: 1 | L30: 16.45 | M30: =K30*L30 -> 16.45
A31: PO04758 | B31: TCM6140-6489-L | C31: 661814899008 | D31: Knit | E31: M Howson Hoodie | F31: Meteorite Black/Cider | G31: Hoodie | H31: Mens | I31: 55% Organic Cotton, 26% Recycled Polyester, 19% TENCEL™ Lyocell | J31: 6109.10.00.10 | K31: 2 | L31: 16.45 | M31: =K31*L31 -> 32.9
A32: PO04758 | B32: TCM6140-6489-M | C32: 661814898995 | D32: Knit | E32: M Howson Hoodie | F32: Meteorite Black/Cider | G32: Hoodie | H32: Mens | I32: 55% Organic Cotton, 26% Recycled Polyester, 19% TENCEL™ Lyocell | J32: 6109.10.00.10 | K32: 2 | L32: 16.45 | M32: =K32*L32 -> 32.9
A33: PO04758 | B33: TCM6140-6489-S | C33: 661814898988 | D33: Knit | E33: M Howson Hoodie | F33: Meteorite Black/Cider | G33: Hoodie | H33: Mens | I33: 55% Organic Cotton, 26% Recycled Polyester, 19% TENCEL™ Lyocell | J33: 6109.10.00.10 | K33: 2 | L33: 16.45 | M33: =K33*L33 -> 32.9
... A188: PO04758 | B188: TCW6652-6293-XS | C188: 661814874852 | D188: Knit | E188: W Vancouver Dress | F188: Red Chestnut | G188: Dress | H188: Womens | I188: 55% Organic Cotton, 26% Recycled Polyester, 19% TENCEL™ Lyocell | J188: 6109.10.00.10 | K188: 2 | L188: 15 | M188: =K188*L188 -> 30
K196: =SUM(K22:K195) -> 1437 | M196: =SUM(M22:M195) -> 28394.63
A197: Say Tn Words Total US Dollars: | C197: Twenty Eight Thousand Three Thousand and Ninety Four and Cents Sixty Three only.
A200: Additional Remarks
H205: Seller Full Company Name and Adress :
H206: SHANGHAI PUCCI TEXTILE CO., LTD
H207: UNIT 103, BLOCK 1, NO. 218 HUTING NORTH ROAD, SONGJIANG DISTRICT,SHANGHAI,CHINA
H213: (Authorized Signature/ Company Mark)

Sheet Packing List
A1: SHANGHAI PUCCI TEXTILE CO., LTD
A2: ROOM 401, BUILDING 19, NO. 900 HUTING NORTH ROAD, SONGJIANG DISTRICT, SHANGHAI, CHINA
A3: ATTN:SHERRY TEL:86-21-37705691 | E3: ATTN:SHERRY TEL:86-21-37705691
A4: Packing List
A5: Consignee | E5: Notify Party | G5: PO # | H5: =Invoice!J2 -> 04758
A6: =Invoice!A15 -> NRI CA Warehouse | E6: =Invoice!D15 -> Tentree International | G6: Invoice NO. | H6: =Invoice!J3 -> PT04758D
A7: =Invoice!A16 -> 8205 Dallas Dr., Kamloops | E7: =Invoice!D16 -> 230-1275 Venables St. | G7: S/C NO.
A8: =Invoice!A17 -> British Columbia Canada | E8: =Invoice!D17 -> Vancouver, BC V6A 2E4 | G8: Packinglist No.
E9: =Invoice!D18 -> 604-829-2706 | G9: DATE: | H9: =Invoice!J4 -> 46188
G10: PAGE: | H10: 1
A12: CTN # | B12: PO # | C12: SKU# | D12: UPC | E12: Style Description | F12: Color Description | G12: PCS/CTN | H12: N/W(KGS) | I12: G/W(KGS) | J12: MEASURE
A13: 1# | B13: 04758 | C13: TCM6140-5758-S | D13: 661814899220 | E13: M Howson Hoodie | F13: Harbour Grey Heather/Midnight Blue | G13: 1 | H13: 11 | I13: 12 | J13: 52X34X40CM
B14: 04758 | C14: TCM6140-5758-M | D14: 661814899244 | E14: M Howson Hoodie | F14: Harbour Grey Heather/Midnight Blue | G14: 1
B15: 04758 | C15: TCM6140-5758-L | D15: 661814899268 | E15: M Howson Hoodie | F15: Harbour Grey Heather/Midnight Blue | G15: 2
B16: 04758 | C16: TCM6140-5758-XL | D16: 661814899206 | E16: M Howson Hoodie | F16: Harbour Grey Heather/Midnight Blue | G16: 1
B17: 04758 | C17: TCM6140-6488-L | D17: 661814899107 | E17: M Howson Hoodie | F17: Red Chestnut/Ashwood | G17: 1
B18: 04758 | C18: TCM6140-6488-M | D18: 661814899084 | E18: M Howson Hoodie | F18: Red Chestnut/Ashwood | G18: 1
B19: 04758 | C19: TCM6140-6488-XL | D19: 661814899046 | E19: M Howson Hoodie | F19: Red Chestnut/Ashwood | G19: 1
B20: 04758 | C20: TCM6140-6489-S | D20: 661814898988 | E20: M Howson Hoodie | F20: Meteorite Black/Cider | G20: 2
B21: 04758 | C21: TCM6140-6489-M | D21: 661814898995 | E21: M Howson Hoodie | F21: Meteorite Black/Cider | G21: 2
B22: 04758 | C22: TCM6140-6489-L | D22: 661814899008 | E22: M Howson Hoodie | F22: Meteorite Black/Cider | G22: 2
B23: 04758 | C23: TCM6140-6489-XL | D23: 661814898971 | E23: M Howson Hoodie | F23: Meteorite Black/Cider | G23: 2
B24: 04758 | C24: TCM6140-6489-XXL | D24: 661814898964 | E24: M Howson Hoodie | F24: Meteorite Black/Cider | G24: 1
B25: 04758 | C25: TCM6140-6412-XXL | D25: 661814899121 | E25: M Howson Hoodie | F25: Dark Forest Green/Pine Green | G25: 1
A26: 2# | B26: 04758 | C26: TCM6140-6412-M | D26: 661814899183 | E26: M Howson Hoodie | F26: Dark Forest Green/Pine Green | G26: 10 | H26: 11 | I26: 12 | J26: 52X34X40CM
B27: 04758 | C27: TCM6140-6412-L | D27: 661814900094 | E27: M Howson Hoodie | F27: Dark Forest Green/Pine Green | G27: 10
A28: 3# | B28: 04758 | C28: TCM6140-6412-S | D28: 661814899169 | E28: M Howson Hoodie | F28: Dark Forest Green/Pine Green | G28: 5 | H28: 11 | I28: 12 | J28: 52X34X40CM
B29: 04758 | C29: TCM6140-6412-XL | D29: 661814899145 | E29: M Howson Hoodie | F29: Dark Forest Green/Pine Green | G29: 10
B30: 04758 | C30: TCM6140-6412-XXL | D30: 661814899121 | E30: M Howson Hoodie | F30: Dark Forest Green/Pine Green | G30: 4
A31: 4# | B31: 04758 | C31: TCM6673-6438-M | D31: 661814882079 | E31: M Heritage Landscape Full Zip Hoodie | F31: Ashwood/Meteorite Black | G31: 2 | H31: 11 | I31: 12 | J31: 52X34X40CM
B32: 04758 | C32: TCM6673-6438-L | D32: 661814881539 | E32: M Heritage Landscape Full Zip Hoodie | F32: Ashwood/Meteorite Black | G32: 3
B33: 04758 | C33: TCM6673-6438-XL | D33: 661814887791 | E33: M Heritage Landscape Full Zip Hoodie | F33: Ashwood/Meteorite Black | G33: 2
B34: 04758 | C34: TCM6673-6461-XXL | D34: 661814887678 | E34: M Heritage Landscape Full Zip Hoodie | F34: Deep Olive/White Oak | G34: 11
A35: 5# | B35: 04758 | C35: TCM6673-6461-M | D35: 661814887739 | E35: M Heritage Landscape Full Zip Hoodie | F35: Deep Olive/White Oak | G35: 18 | H35: 11 | I35: 12 | J35: 52X34X40CM
A36: 6# | B36: 04758 | C36: TCM6673-6461-M | D36: 661814887739 | E36: M Heritage Landscape Full Zip Hoodie | F36: Deep Olive/White Oak | G36: 18 | H36: 11 | I36: 12 | J36: 52X34X40CM
A37: 7# | B37: 04758 | C37: TCM6673-6461-L | D37: 661814887753 | E37: M Heritage Landscape Full Zip Hoodie | F37: Deep Olive/White Oak | G37: 18 | H37: 11 | I37: 12 | J37: 52X34X40CM
A38: 8# | B38: 04758 | C38: TCM6673-6461-L | D38: 661814887753 | E38: M Heritage Landscape Full Zip Hoodie | F38: Deep Olive/White Oak | G38: 18 | H38: 11 | I38: 12 | J38: 52X34X40CM
A39: 9# | B39: 04758 | C39: TCM6673-6461-L | D39: 661814887753 | E39: M Heritage Landscape Full Zip Hoodie | F39: Deep Olive/White Oak | G39: 18 | H39: 11 | I39: 12 | J39: 52X34X40CM
A40: 10# | B40: 04758 | C40: TCM6673-6461-XL | D40: 661814887692 | E40: M Heritage Landscape Full Zip Hoodie | F40: Deep Olive/White Oak | G40: 18 | H40: 11 | I40: 12 | J40: 52X34X40CM
A41: 11# | B41: 04758 | C41: TCM6673-6461-XL | D41: 661814887692 | E41: M Heritage Landscape Full Zip Hoodie | F41: Deep Olive/White Oak | G41: 18 | H41: 11 | I41: 12 | J41: 52X34X40CM
A42: 12# | B42: 04758 | C42: TCM6673-6461-S | D42: 661814887715 | E42: M Heritage Landscape Full Zip Hoodie | F42: Deep Olive/White Oak | G42: 13 | H42: 11 | I42: 12 | J42: 52X34X40CM
B43: 04758 | C43: TCM6673-6461-M | D43: 661814887739 | E43: M Heritage Landscape Full Zip Hoodie | F43: Deep Olive/White Oak | G43: 3
B44: 04758 | C44: TCM6673-6461-L | D44: 661814887753 | E44: M Heritage Landscape Full Zip Hoodie | F44: Deep Olive/White Oak | G44: 1
B45: 04758 | C45: TCM6673-6461-XL | D45: 661814887692 | E45: M Heritage Landscape Full Zip Hoodie | F45: Deep Olive/White Oak | G45: 1
A46: 13# | B46: 04758 | C46: TCM6673-6461-M | D46: 661814887739 | E46: M Heritage Landscape Full Zip Hoodie | F46: Deep Olive/White Oak | G46: 8 | H46: 11 | I46: 12 | J46: 52X34X40CM
B47: 04758 | C47: TCM6673-6461-XXL | D47: 661814887678 | E47: M Heritage Landscape Full Zip Hoodie | F47: Deep Olive/White Oak | G47: 3
B48: 04758 | C48: TCW6652-6303-XS | D48: 661814874753 | E48: W Vancouver Dress | F48: Ashwood | G48: 2
B49: 04758 | C49: TCW6652-6303-S | D49: 661814874791 | E49: W Vancouver Dress | F49: Ashwood | G49: 2
B50: 04758 | C50: TCW6652-6303-L | D50: 661814874838 | E50: W Vancouver Dress | F50: Ashwood | G50: 2
B51: 04758 | C51: TCW6652-6303-XL | D51: 661814874777 | E51: W Vancouver Dress | F51: Ashwood | G51: 2
A52: 14# | B52: 04758 | C52: TCM6675-6492-M | D52: 661814895734 | E52: M Carson Hoodie | F52: Midnight Blue/Ashwood | G52: 3 | H52: 11 | I52: 12 | J52: 52X34X40CM
B53: 04758 | C53: TCM6675-6492-L | D53: 661814895789 | E53: M Carson Hoodie | F53: Midnight Blue/Ashwood | G53: 3
B54: 04758 | C54: TCM6675-6492-XL | D54: 661814895697 | E54: M Carson Hoodie | F54: Midnight Blue/Ashwood | G54: 2
B55: 04758 | C55: TCM6676-0164-L | D55: 661814887371 | E55: M Howson 1/4 Snap | F55: Meteorite Black | G55: 6
B56: 04758 | C56: TCM6676-0164-XL | D56: 661814887319 | E56: M Howson 1/4 Snap | F56: Meteorite Black | G56: 4
A57: 15# | B57: 04758 | C57: TCM6676-0164-S | D57: 661814887333 | E57: M Howson 1/4 Snap | F57: Meteorite Black | G57: 2 | H57: 11 | I57: 12 | J57: 52X34X40CM
B58: 04758 | C58: TCM6676-0164-M | D58: 661814887357 | E58: M Howson 1/4 Snap | F58: Meteorite Black | G58: 5
B59: 04758 | C59: TCM6676-0164-XXL | D59: 661814887296 | E59: M Howson 1/4 Snap | F59: Meteorite Black | G59: 1
B60: 04758 | C60: TCM6676-2012-S | D60: 661814887234 | E60: M Howson 1/4 Snap | F60: Dark Forest Green | G60: 1
B61: 04758 | C61: TCM6676-2012-M | D61: 661814887258 | E61: M Howson 1/4 Snap | F61: Dark Forest Green | G61: 2
B62: 04758 | C62: TCM6676-2012-L | D62: 661814887272 | E62: M Howson 1/4 Snap | F62: Dark Forest Green | G62: 2
B63: 04758 | C63: TCM6676-2012-XL | D63: 661814887210 | E63: M Howson 1/4 Snap | F63: Dark Forest Green | G63: 1
B64: 04758 | C64: TCM6980-5889-S | D64: 661814940151 | E64: M Blocked Reynard Crew | F64: Harbour Grey Heather/Meteorite Black | G64: 10
A65: 16# | B65: 04758 | C65: TCM6980-5889-M | D65: 661814940168 | E65: M Blocked Reynard Crew | F65: Harbour Grey Heather/Meteorite Black | G65: 30 | H65: 11 | I65: 12 | J65: 52X34X40CM
A66: 17# | B66: 04758 | C66: TCM6980-5889-L | D66: 661814940175 | E66: M Blocked Reynard Crew | F66: Harbour Grey Heather/Meteorite Black | G66: 24 | H66: 11 | I66: 12 | J66: 52X34X40CM
A67: 18# | B67: 04758 | C67: TCM6980-5889-L | D67: 661814940175 | E67: M Blocked Reynard Crew | F67: Harbour Grey Heather/Meteorite Black | G67: 24 | H67: 11 | I67: 12 | J67: 52X34X40CM
A68: 19# | B68: 04758 | C68: TCM6980-5889-L | D68: 661814940175 | E68: M Blocked Reynard Crew | F68: Harbour Grey Heather/Meteorite Black | G68: 24 | H68: 11 | I68: 12 | J68: 52X34X40CM
A69: 20# | B69: 04758 | C69: TCM6980-5889-XL | D69: 661814940144 | E69: M Blocked Reynard Crew | F69: Harbour Grey Heather/Meteorite Black | G69: 24 | H69: 11 | I69: 12 | J69: 52X34X40CM
A70: 21# | B70: 04758 | C70: TCM6980-5889-XL | D70: 661814940144 | E70: M Blocked Reynard Crew | F70: Harbour Grey Heather/Meteorite Black | G70: 24 | H70: 11 | I70: 12 | J70: 52X34X40CM
A71: 22# | B71: 04758 | C71: TCM6980-5889-XL | D71: 661814940144 | E71: M Blocked Reynard Crew | F71: Harbour Grey Heather/Meteorite Black | G71: 24 | H71: 11 | I71: 12 | J71: 52X34X40CM
A72: 23# | B72: 04758 | C72: TCM6980-5889-XL | D72: 661814940144 | E72: M Blocked Reynard Crew | F72: Harbour Grey Heather/Meteorite Black | G72: 24 | H72: 11 | I72: 12 | J72: 52X34X40CM
A73: 24# | B73: 04758 | C73: TCM6980-5889-XXL | D73: 661814940137 | E73: M Blocked Reynard Crew | F73: Harbour Grey Heather/Meteorite Black | G73: 24 | H73: 11 | I73: 12 | J73: 52X34X40CM
A74: 25# | B74: 04758 | C74: TCM6980-5889-S | D74: 661814940151 | E74: M Blocked Reynard Crew | F74: Harbour Grey Heather/Meteorite Black | G74: 10 | H74: 11 | I74: 12 | J74: 52X34X40CM
B75: 04758 | C75: TCM6980-5889-M | D75: 661814940168 | E75: M Blocked Reynard Crew | F75: Harbour Grey Heather/Meteorite Black | G75: 20
A76: 26# | B76: 04758 | C76: TCM6980-5889-M | D76: 661814940168 | E76: M Blocked Reynard Crew | F76: Harbour Grey Heather/Meteorite Black | G76: 2 | H76: 11 | I76: 12 | J76: 52X34X40CM
B77: 04758 | C77: TCM6980-5889-L | D77: 661814940175 | E77: M Blocked Reynard Crew | F77: Harbour Grey Heather/Meteorite Black | G77: 1
B78: 04758 | C78: TCM6980-5889-XL | D78: 661814940144 | E78: M Blocked Reynard Crew | F78: Harbour Grey Heather/Meteorite Black | G78: 6
B79: 04758 | C79: TCM6980-5889-XXL | D79: 661814940137 | E79: M Blocked Reynard Crew | F79: Harbour Grey Heather/Meteorite Black | G79: 11
B80: 04758 | C80: TCW6181-6291-XS | D80: 661814878119 | E80: W Elm Hoodie | F80: Plum Royale | G80: 2
B81: 04758 | C81: TCW6181-6291-XL | D81: 661814878133 | E81: W Elm Hoodie | F81: Plum Royale | G81: 2
A82: 27# | B82: 04758 | C82: TCW6181-6291-S | D82: 661814878157 | E82: W Elm Hoodie | F82: Plum Royale | G82: 3 | H82: 11 | I82: 12 | J82: 52X34X40CM
B83: 04758 | C83: TCW6181-6291-M | D83: 661814878171 | E83: W Elm Hoodie | F83: Plum Royale | G83: 3
B84: 04758 | C84: TCW6181-6291-L | D84: 661814878195 | E84: W Elm Hoodie | F84: Plum Royale | G84: 3
B85: 04758 | C85: TCW6181-6299-XS | D85: 661814878010 | E85: W Elm Hoodie | F85: Pine Green | G85: 2
B86: 04758 | C86: TCW6181-6299-S | D86: 661814878058 | E86: W Elm Hoodie | F86: Pine Green | G86: 3
B87: 04758 | C87: TCW6181-6299-M | D87: 661814878072 | E87: W Elm Hoodie | F87: Pine Green | G87: 5
B88: 04758 | C88: TCW6181-6299-XL | D88: 661814878034 | E88: W Elm Hoodie | F88: Pine Green | G88: 2
A89: 28# | B89: 04758 | C89: TCW6181-6299-L | D89: 661814878096 | E89: W Elm Hoodie | F89: Pine Green | G89: 5 | H89: 11 | I89: 12 | J89: 52X34X40CM
B90: 04758 | C90: TCW6181-6309-S | D90: 661814877952 | E90: W Elm Hoodie | F90: Pacific Teal | G90: 1
B91: 04758 | C91: TCW6181-6309-M | D91: 661814877976 | E91: W Elm Hoodie | F91: Pacific Teal | G91: 2
B92: 04758 | C92: TCW6181-6309-L | D92: 661814877990 | E92: W Elm Hoodie | F92: Pacific Teal | G92: 2
B93: 04758 | C93: TCW6181-6309-XL | D93: 661814877938 | E93: W Elm Hoodie | F93: Pacific Teal | G93: 1
B94: 04758 | C94: TCW6182-2012-XS | D94: 661814877877 | E94: W Elm Crew | F94: Dark Forest Green | G94: 1
B95: 04758 | C95: TCW6182-2012-S | D95: 661814877839 | E95: W Elm Crew | F95: Dark Forest Green | G95: 1
B96: 04758 | C96: TCW6182-2012-M | D96: 661814877853 | E96: W Elm Crew | F96: Dark Forest Green | G96: 1
B97: 04758 | C97: TCW6182-2012-L | D97: 661814877891 | E97: W Elm Crew | F97: Dark Forest Green | G97: 1
B98: 04758 | C98: TCW6183-0164-L | D98: 661814742137 | E98: W Elm Zip Hoodie | F98: Meteorite Black | G98: 3
A99: 29# | B99: 04758 | C99: TCW6183-0164-XS | D99: 661814742052 | E99: W Elm Zip Hoodie | F99: Meteorite Black | G99: 2 | H99: 11 | I99: 12 | J99: 52X34X40CM
B100: 04758 | C100: TCW6183-0164-S | D100: 661814742090 | E100: W Elm Zip Hoodie | F100: Meteorite Black | G100: 4
B101: 04758 | C101: TCW6183-0164-M | D101: 661814742113 | E101: W Elm Zip Hoodie | F101: Meteorite Black | G101: 5
...
